id,Disbursement Date,Loan Status,Written Off Or Repaid Date ,Loan Amount,Outstanding Balance,Outstanding Principal,Interest Rate,Loan Term (Months),Date of Birth,Gender,Province,Residential Status,Stated Income on application,"Qualified / Verified
Income",Aptitude for change Score,Financial Literacy Score,Self Assessments,Quiz Count,Mood Count,Inspiration Count,Total Activies ,Average total activities per month,Average activities per day,average_wellness_score,average_FICO,average_credit_utilisation
123,2022-07-19,Written off,2023-06-30 07:09:21.873,20479.34,32478.75,18658.79,0.2999,60,1974-10-10,MALE,ON,RENTER,110000,116000,,,6.0,48.0,4.0,0.0,58.0,2.3169,0.0772,21.0,565.5714285714286,0.9471189146049481
163,2022-07-26,Written off,2023-02-08 20:12:57.880,23500.0,24676.17,24676.16,0.2999,60,1986-02-20,MALE,ON,LIVE WITH FAMILY,70000,70000,,,2.0,14.0,4.0,3.0,23.0,0.9274,0.0309,,628.0,1.0201655629139073
1189,2022-08-12,Repaid,2023-08-29 04:42:12.323,16600.0,0.0,0.0,0.2499,60,1967-07-06,MALE,ON,LIVE WITH FAMILY,43728,44000,,,,,,,,,,,663.0,0.6794170634920635
1200,2022-08-12,Written off,2023-07-06 15:40:04.223,25000.0,39481.69,22777.45,0.2899,60,1988-08-15,FEMALE,ON,LIVE WITH FAMILY,93000,93000,,,4.0,24.0,4.0,4.0,36.0,1.4856,0.0495,48.2,612.5714285714286,0.938034632034632
1215,2022-08-31,Past due,,14400.0,24501.73,14474.83,0.2799,52,1972-03-07,FEMALE,ON,HOME OWNER,95970,115000,3.67,0.0,24.0,190.0,63.0,49.0,326.0,13.8136,0.4605,44.857142857142854,524.0,0.897726505804432
1233,2022-08-12,Active,,25000.0,4825.04,3223.87,0.2799,60,1972-02-03,FEMALE,ON,HOME OWNER,69032,69000,,,4.0,16.0,4.0,4.0,28.0,1.1554,0.0385,50.0,748.5,0.63645
1236,2022-09-01,Written off,2023-07-23 10:36:36.270,20200.0,28617.49,18233.05,0.2999,48,1979-09-30,FEMALE,ON,RENTER,60903,49000,4.33,0.0,9.0,80.0,14.0,11.0,114.0,4.8373,0.1612,36.285714285714285,599.1428571428571,1.7573573993233658
1280,2022-08-31,Active,,12800.0,10865.95,8179.77,0.2999,48,1979-03-14,MALE,ON,RENTER,96480,96500,5.0,0.0,24.0,194.0,28.0,16.0,262.0,11.1017,0.3701,60.47826086956522,574.3,0.8703903394255874
1295,2022-09-08,Active,,13000.0,15085.93,9913.26,0.2999,60,1983-09-14,MALE,ON,LIVE WITH FAMILY,74068,74000,4.33,1.0,5.0,7.0,1.0,0.0,13.0,0.5571,0.0186,42.0,652.2,0.16566666666666668
1316,2022-09-08,Written off,2023-08-11 18:49:53.893,19000.0,30727.05,17806.68,0.2799,51,1988-12-16,FEMALE,ON,LIVE WITH FAMILY,100000,100000,4.83,1.0,10.0,98.0,46.0,31.0,185.0,7.9286,0.2643,46.5,595.75,0.9231933050497685
1361,2022-09-08,Repaid,2023-03-01 00:52:32.960,11000.0,0.0,0.0,0.2999,36,1988-10-19,MALE,ON,RENTER,97500,97500,2.67,0.0,9.0,79.0,20.0,17.0,125.0,5.3571,0.1786,51.142857142857146,697.1428571428571,0.5551193708252532
1366,2022-09-15,Active,,13000.0,16227.78,10580.68,0.2799,40,1960-06-12,FEMALE,ON,RENTER,55769,40400,2.33,0.0,21.0,194.0,103.0,65.0,383.0,16.604,0.5535,39.0,658.15,0.7213776600985222
1372,2022-09-16,Active,,8000.0,9280.73,6195.26,0.2699,60,1961-04-26,MALE,ON,RENTER,73228,72300,4.5,0.0,0.0,1.0,1.0,1.0,3.0,0.1301,0.0043,55.0,615.65,0.8033513697706841
1383,2022-09-16,Written off,2023-06-25 20:22:41.793,10500.0,17323.17,9884.54,0.2799,60,1980-02-25,MALE,ON,LIVE WITH FAMILY,45000,45000,3.17,4.0,1.0,4.0,0.0,0.0,5.0,0.2168,0.0072,51.5,650.4,0.38177777777777777
1409,2022-09-15,Repaid,2024-03-09 16:19:10.200,25000.0,0.0,0.0,0.2699,60,1983-09-30,MALE,ON,HOME OWNER,82278,82500,3.17,0.0,19.0,165.0,75.0,45.0,304.0,13.1792,0.4393,52.94444444444444,676.8125,0.8232654367481315
1413,2022-09-23,Active,,25000.0,29001.05,19212.76,0.2899,60,1957-01-23,MALE,ON,RENTER,116729,109800,3.83,0.0,23.0,184.0,86.0,43.0,336.0,14.7153,0.4905,72.0,609.75,0.9196650914580443
1416,2022-09-29,Active,,11550.0,13268.03,8789.82,0.2899,60,1978-06-02,FEMALE,ON,HOME OWNER,65000,60200,5.0,0.0,23.0,196.0,16.0,13.0,248.0,10.9573,0.3652,32.09090909090909,673.35,0.53502671507456
1441,2022-09-27,Written off,2023-09-07 09:43:16.140,23875.0,38226.03,22061.03,0.2899,52,1975-09-06,FEMALE,ON,RENTER,97506,97500,4.17,0.0,9.0,72.0,22.0,20.0,123.0,5.4185,0.1806,35.333333333333336,555.3333333333334,0.9751619942387847
1449,2022-09-16,Written off,2024-05-26 21:00:59.870,19300.0,23403.04,15409.91,0.2699,60,1983-10-25,MALE,ON,LIVE WITH FAMILY,77000,77200,5.0,0.0,3.0,12.0,2.0,0.0,17.0,0.737,0.0246,41.666666666666664,678.4705882352941,0.44768640789649194
1461,2022-09-15,Active,,11000.0,2960.58,2031.73,0.2499,60,1960-07-01,MALE,ON,RENTER,91201,91000,4.67,0.0,19.0,177.0,1.0,15.0,212.0,9.1908,0.3064,54.88235294117647,654.85,0.3050387505748239
1463,2022-09-28,Active,,23350.0,29056.6,18427.76,0.2999,40,1989-02-28,MALE,ON,RENTER,120000,120000,4.0,0.0,24.0,164.0,33.0,14.0,235.0,10.3676,0.3456,24.347826086956523,665.35,0.4371197252747253
1469,2022-09-16,Active,,25000.0,29743.2,19781.05,0.2799,45,1967-04-07,FEMALE,ON,RENTER,81361,81400,4.0,0.0,23.0,195.0,50.0,37.0,305.0,13.2225,0.4408,56.31818181818182,568.95,0.7916302804117926
1477,2022-10-04,Written off,2024-08-07 14:50:24.670,20000.0,22249.62,15346.22,0.2499,60,1965-07-08,MALE,ON,RENTER,51000,48700,4.0,0.0,21.0,178.0,55.0,41.0,295.0,13.1306,0.4377,57.0,618.7,0.8045089635641463
1478,2022-09-21,Active,,20000.0,25113.26,16148.15,0.2899,59,1970-01-30,MALE,ON,RENTER,59300,59300,3.0,0.0,21.0,176.0,31.0,18.0,246.0,10.7424,0.3581,50.2,680.95,0.7252626512130276
1480,2022-09-16,Active,,14500.0,5918.06,3870.07,0.2999,60,1995-07-15,MALE,ON,LIVE WITH FAMILY,45572,45500,3.83,0.0,23.0,194.0,52.0,49.0,318.0,13.7861,0.4595,45.04545454545455,671.5,0.341312413485005
1556,2022-09-28,Written off,2024-06-09 12:25:38.000,7100.0,13237.15,7387.32,0.2999,53,1991-01-29,MALE,ON,LIVE WITH FAMILY,55785,55700,3.5,0.0,5.0,26.0,1.0,1.0,33.0,1.4559,0.0485,37.833333333333336,512.5833333333334,0.7258333333333334
1602,2022-10-12,Active,,10000.0,12576.07,8086.63,0.2899,42,1996-06-10,MALE,ON,LIVE WITH FAMILY,50000,37500,2.83,0.0,21.0,111.0,1.0,0.0,133.0,5.991,0.1997,50.19047619047619,662.5,0.9244899014778325
1669,2022-12-07,Written off,2023-07-28 14:43:16.903,14600.0,24776.55,13779.56,0.2999,60,1991-06-08,MALE,ON,RENTER,61172,60000,2.83,0.0,3.0,27.0,2.0,2.0,34.0,1.6721,0.0557,46.333333333333336,564.8571428571429,1.5598345143127246
1702,2023-01-27,Active,,25000.0,32916.09,20608.5,0.2999,60,1963-12-01,MALE,ON,RENTER,110745,79800,5.0,0.0,19.0,161.0,18.0,12.0,210.0,11.2701,0.3757,51.6,619.8947368421053,0.8295815851700502
1705,2023-02-03,Written off,2024-05-30 21:14:45.357,9700.0,14554.31,8652.84,0.2999,55,1996-07-23,FEMALE,ON,LIVE WITH FAMILY,44802,44800,3.83,0.0,7.0,128.0,12.0,10.0,157.0,8.5326,0.2844,50.0,535.0,0.966204081632653
1713,2023-01-27,Active,,14400.0,19207.94,11968.43,0.2999,60,1981-03-18,MALE,ON,RENTER,112802,115800,2.17,0.0,3.0,24.0,3.0,2.0,32.0,1.7174,0.0572,40.75,628.3157894736842,0.9046851702584885
1717,2023-02-02,Active,,20000.0,26699.05,16636.34,0.2999,60,1967-11-24,MALE,ON,RENTER,60320,60300,3.33,0.0,18.0,149.0,65.0,20.0,252.0,13.6462,0.4549,64.11111111111111,721.4117647058823,0.1870627282659545
1722,2023-02-01,Active,,23000.0,30070.89,19040.94,0.2799,60,1976-05-26,MALE,ON,RENTER,65320,605300,3.67,0.0,15.0,81.0,16.0,13.0,125.0,6.7812,0.226,46.6,699.8823529411765,0.7846990196078432
1746,2023-02-14,Repaid,2023-03-15 13:22:11.563,6200.0,0.0,0.0,0.2999,60,2000-12-31,MALE,ON,RENTER,37398,37500,3.67,1.0,1.0,8.0,2.0,3.0,14.0,0.7763,0.0259,48.0,,
1759,2023-02-13,Written off,2023-06-25 20:25:21.023,16000.0,28921.3,15548.74,0.2999,60,1991-07-30,FEMALE,ON,RENTER,58000,58000,3.33,0.0,2.0,29.0,1.0,3.0,35.0,1.9373,0.0646,31.0,649.3333333333334,0.8250763852165227
1777,2023-03-03,Written off,2023-06-25 20:26:17.750,15000.0,27571.21,14730.96,0.2999,60,1991-07-23,MALE,ON,RENTER,63700,63700,4.67,2.0,3.0,28.0,8.0,7.0,46.0,2.6336,0.0878,52.0,651.0,0.47179602226580303
1787,2023-03-06,Active,,25000.0,3127.48,1912.03,0.2999,60,1976-12-08,FEMALE,ON,HOME OWNER,112755,86800,4.0,4.0,14.0,104.0,12.0,11.0,141.0,8.119,0.2706,57.23076923076923,657.9375,0.9027552673627995
1804,2023-02-23,Active,,10000.0,13400.84,8310.33,0.2999,60,1986-12-07,FEMALE,ON,LIVE WITH FAMILY,51000,51000,3.33,4.0,16.0,139.0,3.0,10.0,168.0,9.4737,0.3158,47.25,583.875,0.7236690239134913
1820,2023-02-23,Repaid,2024-04-04 17:00:45.270,10000.0,0.0,0.0,0.2999,60,1987-04-10,MALE,ON,RENTER,100000,95000,2.5,4.0,14.0,116.0,29.0,11.0,170.0,9.5865,0.3195,55.07142857142857,614.5384615384615,0.6778664222845906
1831,2023-02-28,Active,,20000.0,27343.09,16876.2,0.2999,60,1979-08-11,FEMALE,ON,RENTER,120000,120000,4.5,4.0,10.0,59.0,1.0,0.0,70.0,3.9848,0.1328,57.2,646.0,0.35908214285714285
1865,2023-03-20,Past due,,15365.0,22306.04,13346.55,0.2999,60,1995-08-01,MALE,AB,RENTER,89500,89500,2.83,1.0,8.0,76.0,4.0,3.0,91.0,5.3846,0.1795,58.125,609.2352941176471,0.6300555059501761
1916,2023-03-10,Active,,15000.0,20341.22,12554.36,0.2999,51,1977-01-18,MALE,ON,RENTER,54310,54300,4.0,3.0,17.0,141.0,76.0,42.0,276.0,16.0155,0.5338,41.333333333333336,615.1764705882352,0.6718472615620444
1937,2023-03-14,Active,,17500.0,24083.75,14657.81,0.2999,60,1989-04-07,MALE,ON,RENTER,160000,160000,3.83,4.0,11.0,14.0,0.0,0.0,25.0,1.462,0.0487,78.16666666666667,625.6470588235294,0.36228860028860027
1944,2023-03-15,Active,,12400.0,15814.24,10222.89,0.2599,60,1978-11-11,FEMALE,AB,RENTER,59781,48000,4.17,2.0,17.0,127.0,1.0,1.0,146.0,8.5547,0.2852,68.55555555555556,658.0588235294117,0.3120463898607371
1954,2023-03-21,Active,,6000.0,7641.41,4981.43,0.2599,60,1985-01-12,MALE,ON,HOME OWNER,101659,71500,3.17,3.0,15.0,119.0,5.0,4.0,143.0,8.4783,0.2826,48.733333333333334,682.0588235294117,0.5648552792451513
1957,2023-03-13,Active,,14600.0,17980.91,11045.13,0.2999,60,1995-05-11,FEMALE,BC,RENTER,55000,55000,3.33,3.0,17.0,150.0,0.0,0.0,167.0,9.7471,0.3249,56.72222222222222,588.3529411764706,0.6923921119262383
1995,2023-03-31,Active,,11200.0,14742.95,9426.78,0.2699,60,1962-08-13,MALE,ON,HOME OWNER,101606,104000,3.67,5.0,5.0,3.0,0.0,0.0,8.0,0.4839,0.0161,61.2,569.0,0.5395364962880353
11011,2023-03-16,Active,,15500.0,22002.91,13325.21,0.2999,57,1979-07-09,MALE,ON,RENTER,66500,66500,2.33,4.0,10.0,141.0,0.0,0.0,151.0,8.865,0.2955,42.63636363636363,546.8823529411765,0.9973731836110696
11020,2023-05-03,Past due,,25000.0,35798.82,21812.85,0.2799,60,1962-09-05,FEMALE,AB,HOME OWNER,103045,103000,1.5,2.0,0.0,1.0,0.0,0.0,1.0,0.0648,0.0022,,632.5,0.8100855457800286
11036,2023-03-20,Active,,12000.0,16589.79,10303.81,0.2799,48,1962-08-06,FEMALE,ON,LIVE WITH FAMILY,89285,89300,2.33,4.0,17.0,142.0,110.0,50.0,319.0,18.8757,0.6292,49.22222222222222,634.1764705882352,0.9959752567693744
11154,2023-04-06,Written off,2024-07-20 20:12:57.480,3000.0,4665.55,2754.73,0.2999,48,1993-03-31,MALE,AB,RENTER,40000,40000,4.0,4.0,3.0,2.0,0.0,0.0,5.0,0.3061,0.0102,42.333333333333336,526.3571428571429,1.016468253968254
11169,2023-04-06,Past due,,17750.0,28910.73,16799.78,0.2899,57,1972-04-05,MALE,MB,HOME OWNER,110000,110000,,,0.0,1.0,0.0,0.0,1.0,0.0612,0.002,,573.5,0.9043713662790698
11182,2023-04-14,Repaid,2024-05-10 11:03:24.647,22200.0,0.0,0.0,0.2999,39,1989-08-11,FEMALE,BC,RENTER,111840,85900,,,9.0,95.0,2.0,0.0,106.0,6.5975,0.2199,51.77777777777778,600.0,1.2047062937062938
11185,2023-04-11,Written off,2024-06-09 12:18:47.613,22675.0,38221.17,22375.97,0.2599,56,1964-06-25,MALE,ON,HOME OWNER,91953,91000,2.33,4.0,11.0,109.0,103.0,12.0,235.0,14.5361,0.4845,35.75,544.4166666666666,1.1313333771200702
11244,2023-04-18,Active,,13000.0,17877.07,11430.97,0.2499,58,1991-04-26,MALE,ON,HOME OWNER,70000,70000,4.67,4.0,16.0,131.0,0.0,0.0,147.0,9.2259,0.3075,49.88235294117647,613.5714285714286,0.5873050595238095
11247,2023-04-14,Active,,23000.0,32763.17,19656.39,0.2999,49,1990-04-05,MALE,BC,HOME OWNER,107600,106000,0.83,1.0,6.0,17.0,5.0,1.0,29.0,1.805,0.0602,52.714285714285715,619.7857142857143,0.9531428571428571
11248,2023-04-15,Active,,5900.0,8483.46,5113.57,0.2999,60,1977-03-02,FEMALE,AB,RENTER,61009,52000,3.83,4.0,7.0,57.0,10.0,1.0,75.0,4.6778,0.1559,52.625,641.4285714285714,0.38355042615057
11250,2023-05-11,Active,,9200.0,12919.94,7998.89,0.2699,60,1968-08-10,FEMALE,ON,RENTER,64703,64700,2.83,2.0,14.0,107.0,3.0,2.0,126.0,8.3077,0.2769,61.785714285714285,632.8571428571429,0.7481611208406305
11272,2023-04-17,Active,,15300.0,21468.31,13063.29,0.2999,60,1988-12-02,FEMALE,ON,LIVE WITH FAMILY,75000,70000,3.83,4.0,16.0,130.0,19.0,15.0,180.0,11.2735,0.3758,49.529411764705884,622.0714285714286,0.7429262284362694
11274,2023-04-19,Active,,11470.0,15498.69,9718.13,0.2799,60,1977-07-15,MALE,PEI,HOME OWNER,80000,77000,3.83,5.0,8.0,31.0,6.0,0.0,45.0,2.8302,0.0943,60.55555555555556,606.3571428571429,0.8054258145946126
11332,2023-04-18,Active,,23900.0,34221.75,20725.07,0.2999,50,1979-11-30,MALE,BC,RENTER,100000,90000,3.5,3.0,16.0,133.0,1.0,1.0,151.0,9.477,0.3159,59.5625,545.5,0.9020650539407365
11345,2023-04-24,Active,,12502.93,16155.78,10443.45,0.2599,60,1991-04-02,FEMALE,ON,LIVE WITH FAMILY,46000,46000,4.83,4.0,16.0,123.0,0.0,1.0,140.0,8.8983,0.2966,40.0625,634.5714285714286,0.9523057142857143
11358,2023-04-18,Written off,2023-11-20 23:07:47.173,20000.0,30387.21,18548.44,0.2999,48,1978-01-08,MALE,ON,RENTER,88000,88000,4.0,4.0,2.0,8.0,0.0,0.0,10.0,0.6276,0.0209,47.333333333333336,567.2,0.8451428571428572
11392,2023-04-26,Active,,7800.0,11114.53,6731.22,0.2999,60,1977-10-17,MALE,AB,RENTER,55000,55800,1.0,5.0,14.0,126.0,5.0,5.0,150.0,9.5745,0.3191,43.0,587.5714285714286,0.7526196278807191
11438,2023-04-25,Past due,,12100.0,17690.46,10663.58,0.2999,49,1959-01-31,FEMALE,MB,RENTER,53420,53400,3.0,4.0,15.0,115.0,7.0,2.0,139.0,8.8535,0.2951,52.375,597.3333333333334,1.0263333333333333
11497,2023-04-27,Written off,2024-03-09 22:45:44.650,8600.0,14189.54,8016.19,0.2999,60,1969-12-17,MALE,PEI,RENTER,70860,71000,3.17,5.0,8.0,77.0,1.0,0.0,86.0,5.5011,0.1834,32.77777777777778,533.8888888888889,1.0405667731106198
11556,2023-05-03,Repaid,2024-05-14 09:51:01.190,4590.0,0.0,0.0,0.2999,57,1998-04-23,MALE,AB,RENTER,60000,60000,2.83,4.0,3.0,13.0,0.0,0.0,16.0,1.0367,0.0346,35.333333333333336,639.4545454545455,0.6419435736677116
11565,2023-04-28,Active,,22300.0,34064.64,19883.91,0.2999,56,1995-07-11,MALE,AB,HOME OWNER,68000,68000,4.0,4.0,10.0,89.0,0.0,0.0,99.0,6.3462,0.2115,42.875,682.9230769230769,0.411628870336426
11681,2023-06-15,Active,,15300.0,22385.1,13510.61,0.2799,60,1984-09-03,FEMALE,ON,LIVE WITH FAMILY,68406,68400,4.33,5.0,4.0,20.0,2.0,0.0,26.0,1.8571,0.0619,43.75,564.3333333333334,0.9020717849821986
11706,2023-05-08,Repaid,2023-11-25 00:00:00.000,20000.0,0.0,0.0,0.2999,60,1984-10-12,FEMALE,BC,RENTER,68104,54300,4.17,4.0,3.0,32.0,2.0,3.0,40.0,2.6201,0.0873,52.5,620.8333333333334,0.7635006466730144
11711,2023-05-09,Active,,20000.0,26780.5,16975.14,0.2699,60,1992-09-01,FEMALE,MB,RENTER,64230,64300,4.17,3.0,15.0,122.0,25.0,11.0,173.0,11.3567,0.3786,42.0,659.6,0.7497098370046348
11747,2023-05-12,Active,,10039.24,8439.75,6770.07,0.2599,36,1969-11-24,MALE,AB,HOME OWNER,90000,84800,4.83,2.0,8.0,56.0,0.0,0.0,64.0,4.2291,0.141,71.625,666.5714285714286,0.21684462371542648
11776,2023-05-12,Repaid,2023-08-04 23:15:05.807,13000.0,0.0,0.0,0.2499,60,1974-09-13,MALE,ON,LIVE WITH FAMILY,54200,54200,3.83,4.0,3.0,19.0,21.0,10.0,53.0,3.5022,0.1167,43.333333333333336,735.6666666666666,0.024354166666666666
11779,2023-05-10,Written off,2024-04-01 20:32:43.660,7590.0,7829.26,5768.84,0.2999,26,1963-10-08,MALE,BC,RENTER,700000,62200,4.33,2.0,4.0,10.0,0.0,0.0,14.0,0.9211,0.0307,64.5,621.3333333333334,0.7736571428571428
11788,2023-05-15,Active,,19000.0,28271.28,16691.46,0.2999,60,1983-04-10,MALE,AB,RENTER,54000,54000,0.0,3.0,15.0,126.0,94.0,22.0,257.0,17.0953,0.5698,23.25,591.5714285714286,0.7423056832258285
11806,2023-05-16,Written off,2024-07-25 16:00:40.367,18500.0,26580.54,16119.49,0.2899,60,1969-10-12,MALE,ON,RENTER,57000,57000,3.5,5.0,13.0,100.0,12.0,1.0,126.0,8.4,0.28,44.285714285714285,584.3846153846154,0.9167452422996507
11807,2023-05-15,Active,,20000.0,28015.91,17333.85,0.2799,60,1985-03-25,FEMALE,NFLD,LIVE WITH FAMILY,50595,55600,3.5,3.0,13.0,122.0,1.0,4.0,140.0,9.3126,0.3104,46.0,629.2142857142857,1.0812077922077923
11812,2023-05-18,Active,,21000.0,34285.95,19841.43,0.2999,54,1983-05-17,FEMALE,ON,LIVE WITH FAMILY,78750,78800,3.17,2.0,15.0,123.0,2.0,1.0,141.0,9.442,0.3147,43.5,601.7142857142857,1.0020862921584972
11872,2023-05-19,Active,,13200.0,19679.26,11751.23,0.2999,54,1979-06-21,FEMALE,AB,RENTER,93600,93600,4.67,3.0,15.0,123.0,5.0,0.0,143.0,9.5973,0.3199,53.5,619.0714285714286,0.5525633313026703
11920,2023-05-24,Repaid,2023-06-22 11:33:20.640,13500.0,0.0,0.0,0.2599,60,1980-12-14,FEMALE,AB,LIVE WITH FAMILY,75000,75000,,,,,,,,,,,,
12007,2023-05-29,Active,,21600.0,19293.75,15029.53,0.2899,36,1961-03-18,MALE,ON,RENTER,89000,88000,3.0,4.0,5.0,39.0,13.0,0.0,57.0,3.913,0.1304,66.0,662.9285714285714,0.7185636008951839
12020,2023-06-07,Active,,15000.0,21381.46,13028.06,0.2799,60,1967-02-27,MALE,ON,RENTER,79935,80000,,,1.0,0.0,0.0,0.0,1.0,0.0701,0.0023,,670.6666666666666,0.9332414965986394
12031,2023-06-05,Written off,2024-07-12 09:47:45.190,17550.0,26422.27,15837.06,0.2799,48,1990-01-28,MALE,ON,LIVE WITH FAMILY,33150,33200,3.5,3.0,11.0,98.0,9.0,5.0,123.0,8.5814,0.286,61.27272727272727,560.5833333333334,0.8296493194400599
12082,2023-05-31,Active,,14500.0,19042.06,12348.67,0.2499,60,1990-05-21,MALE,ON,HOME OWNER,99192,88200,3.5,4.0,1.0,1.0,0.0,0.0,2.0,0.1379,0.0046,57.0,586.5384615384615,0.7040334870962214
12088,2023-05-31,Active,,14200.0,22474.95,13295.81,0.2999,50,1972-02-21,FEMALE,AB,HOME OWNER,57200,57200,2.83,5.0,15.0,114.0,13.0,2.0,144.0,9.931,0.331,49.333333333333336,646.2307692307693,0.913353161595738
12095,2023-06-05,Repaid,2023-08-04 18:31:11.857,20100.0,0.0,0.0,0.2499,60,1980-04-06,MALE,ON,LIVE WITH FAMILY,119329,74300,5.0,4.0,3.0,19.0,5.0,8.0,35.0,2.4419,0.0814,64.0,691.8333333333334,0.42335257375514895
12106,2023-06-08,Active,,19800.0,24178.3,15799.68,0.2999,43,1985-07-04,FEMALE,AB,RENTER,80000,75000,3.67,1.0,12.0,106.0,0.0,0.0,118.0,8.2904,0.2763,63.666666666666664,610.9166666666666,0.625220069029961
12112,2023-06-09,Active,,24000.0,35850.0,21407.42,0.2999,48,1977-01-18,MALE,ON,RENTER,109050,109000,0.0,3.0,14.0,113.0,0.0,0.0,127.0,8.9437,0.2981,49.5,633.75,0.9472467391304348
12121,2023-06-12,Active,,13900.0,20465.47,12220.89,0.2999,60,1991-05-05,MALE,ON,LIVE WITH FAMILY,66000,66000,3.67,4.0,14.0,90.0,0.0,0.0,104.0,7.3759,0.2459,50.857142857142854,609.0833333333334,0.9289356937699512
12186,2023-06-12,Repaid,2024-07-05 12:54:37.157,12300.0,0.0,0.0,0.2999,60,1994-02-25,FEMALE,ON,RENTER,76916,77000,0.83,3.0,13.0,107.0,1.0,0.0,121.0,8.5816,0.2861,48.92857142857143,665.8181818181819,0.571525974025974
12210,2023-06-21,Written off,2024-03-31 08:21:26.273,15875.0,25221.13,14681.45,0.2799,60,1979-07-18,MALE,BC,LIVE WITH FAMILY,69888,69900,0.0,1.0,0.0,1.0,0.0,0.0,1.0,0.0725,0.0024,,622.4285714285714,0.9883840749414521
12263,2023-06-12,Active,,14600.0,21356.48,12752.92,0.2999,60,1986-12-30,FEMALE,BC,RENTER,54880,54900,3.17,4.0,12.0,114.0,28.0,3.0,157.0,11.1348,0.3712,35.46153846153846,584.1666666666666,0.6299841900966874
12279,2023-06-15,Active,,9100.0,13314.16,8035.72,0.2799,60,1984-06-11,FEMALE,ON,RENTER,48000,47900,3.83,5.0,2.0,7.0,0.0,0.0,9.0,0.6429,0.0214,38.0,672.5833333333334,0.6416053921568627
12318,2023-06-15,Active,,12500.0,17582.1,10829.88,0.2799,60,1971-08-02,MALE,ON,RENTER,66500,66500,3.0,5.0,14.0,113.0,1.0,0.0,128.0,9.1429,0.3048,60.93333333333333,622.3333333333334,0.7275889453490761
12325,2023-06-21,Active,,9600.0,13533.64,8336.45,0.2799,60,1989-08-26,MALE,ON,RENTER,72000,72000,2.67,2.0,10.0,62.0,3.0,1.0,76.0,5.5072,0.1836,47.63636363636363,631.5833333333334,0.7110613252676766
12429,2023-07-05,Active,,5900.0,8020.06,5138.51,0.2499,60,1983-10-28,MALE,ON,RENTER,50000,50000,3.0,2.0,13.0,100.0,0.0,0.0,113.0,8.475,0.2825,29.53846153846154,641.8333333333334,0.21901294761418677
12593,2023-06-23,Active,,6151.7,8973.39,5297.98,0.2999,60,1988-02-25,MALE,AB,LIVE WITH FAMILY,39000,39000,5.0,3.0,14.0,119.0,0.0,0.0,133.0,9.6845,0.3228,36.0,576.5,0.7893334478405762
12873,2023-06-26,Written off,2024-07-01 22:38:37.583,19183.18,31668.56,18138.02,0.2999,57,1983-08-31,MALE,ON,RENTER,60000,53000,0.0,3.0,1.0,1.0,0.0,0.0,2.0,0.1467,0.0049,59.0,598.4545454545455,0.9562963319071198
13031,2023-07-12,Active,,15500.0,23500.71,13838.3,0.2999,60,1980-10-28,MALE,ON,RENTER,80000,80000,4.33,3.0,13.0,104.0,0.0,0.0,117.0,8.9313,0.2977,56.30769230769231,658.6153846153846,0.7883010016056274
13141,2023-07-14,Active,,20000.0,30208.57,17657.19,0.2999,60,1994-06-24,MALE,ON,RENTER,97000,97000,4.0,2.0,2.0,3.0,0.0,0.0,5.0,0.3836,0.0128,56.0,623.2307692307693,0.3585421147373146
13170,2023-07-21,Active,,12000.0,18556.29,10738.54,0.2999,60,1996-04-20,MALE,BC,RENTER,80000,55000,4.17,4.0,8.0,26.0,2.0,0.0,36.0,2.8125,0.0938,68.66666666666667,653.3846153846154,0.37577743795850843
13178,2023-07-25,Active,,6000.0,9300.44,5382.2,0.2999,60,1986-08-06,MALE,AB,RENTER,100000,67000,4.67,2.0,2.0,38.0,1.0,1.0,42.0,3.3158,0.1105,69.33333333333333,648.0,0.7675961538461539
13203,2023-09-11,Active,,10700.0,15937.95,9678.16,0.2699,60,1974-08-31,MALE,ON,LIVE WITH FAMILY,82000,82000,4.33,5.0,11.0,86.0,8.0,1.0,106.0,9.5783,0.3193,61.72727272727273,635.3,0.5819654427437477
13356,2023-07-31,Active,,8700.0,12373.91,7643.65,0.2699,60,1990-06-19,MALE,NFLD,RENTER,90000,85900,4.17,2.0,10.0,62.0,3.0,1.0,76.0,6.0963,0.2032,30.9,635.3846153846154,0.29358773535218047
13385,2023-07-19,Active,,7600.0,11485.71,6763.19,0.2999,60,2000-12-05,FEMALE,AB,RENTER,42000,42000,0.83,1.0,0.0,16.0,0.0,0.0,16.0,1.2435,0.0415,29.0,606.0769230769231,0.8601538461538462
13443,2023-08-04,Active,,9500.0,13757.81,8362.11,0.2699,60,1973-03-12,MALE,ON,RENTER,86400,82000,,,,,,,,,,,680.4166666666666,0.8753903047917132
13535,2023-07-28,Active,,9798.22,14899.88,8814.53,0.2999,52,1975-07-14,MALE,NB,RENTER,44309,43300,3.0,3.0,11.0,88.0,7.0,4.0,110.0,8.7533,0.2918,23.363636363636363,587.1538461538462,0.9947692307692308
13580,2023-08-04,Active,,12100.0,18410.59,10937.7,0.2799,52,1981-06-03,FEMALE,BC,RENTER,39240,40000,2.83,4.0,11.0,96.0,7.0,3.0,117.0,9.4865,0.3162,48.81818181818182,665.1818181818181,0.9384965034965035
13616,2023-08-04,Active,,9000.0,13376.27,8059.59,0.2799,60,1992-10-14,MALE,BC,RENTER,42640,42700,,,,,,,,,,,634.0833333333334,0.7964027777777778
13642,2023-08-10,Written off,2024-01-08 11:18:44.163,18512.47,32696.58,17963.92,0.2899,56,1987-07-29,FEMALE,NS,LIVE WITH FAMILY,71744,63000,3.67,4.0,5.0,42.0,12.0,1.0,60.0,4.9451,0.1648,29.2,601.0,0.8348817204301076
13665,2023-08-16,Written off,2024-06-16 21:47:47.083,24253.0,40907.14,22883.61,0.2999,53,1990-05-17,MALE,ON,RENTER,122000,122000,3.5,3.0,3.0,15.0,2.0,1.0,21.0,1.7598,0.0587,42.0,627.6,0.8983892080977485
13684,2023-08-22,Active,,19500.0,29422.96,17443.47,0.2899,60,1967-10-23,MALE,NS,RENTER,62500,45500,4.67,3.0,6.0,96.0,9.0,3.0,114.0,9.7159,0.3239,48.714285714285715,615.75,0.4160135744991688
13710,2023-08-18,Active,,11700.0,10175.98,6232.2,0.2699,60,1983-05-24,MALE,ON,RENTER,100000,96000,3.67,3.0,12.0,95.0,13.0,8.0,128.0,10.7865,0.3596,56.53846153846154,694.5833333333334,0.7542539682539683
13917,2023-09-18,Written off,2024-07-01 22:36:57.037,8250.0,13604.39,7736.93,0.2799,60,1996-08-21,MALE,ON,RENTER,45600,45000,5.0,1.0,8.0,59.0,19.0,4.0,90.0,8.3077,0.2769,48.875,620.6666666666666,0.7861065048725367
13973,2023-08-29,Written off,2024-08-07 14:48:22.187,15800.0,24764.53,14305.95,0.2999,60,1975-10-30,FEMALE,MB,RENTER,63000,59600,3.67,4.0,11.0,96.0,5.0,2.0,114.0,9.913,0.3304,44.166666666666664,608.8333333333334,0.9287111111111112
14020,2023-08-29,Repaid,2023-09-09 11:20:29.467,5000.0,0.0,0.0,0.2999,36,1975-10-20,MALE,ON,RENTER,100000,62000,4.33,3.0,1.0,13.0,0.0,0.0,14.0,1.2174,0.0406,50.5,632.75,0.4377335714937316
14038,2023-08-30,Active,,7700.0,11533.1,7124.19,0.2499,52,1993-04-26,FEMALE,ON,RENTER,37880,37200,0.0,3.0,12.0,97.0,2.0,0.0,111.0,9.6802,0.3227,31.307692307692307,659.1666666666666,0.31734267868883254
14063,2023-08-30,Active,,16700.0,25857.41,15015.45,0.2999,60,1962-09-23,FEMALE,ON,RENTER,49647,49900,3.17,5.0,12.0,97.0,18.0,10.0,137.0,11.9477,0.3983,34.76923076923077,677.25,0.570914567910599
14115,2023-09-14,Active,,20000.0,32373.47,18366.79,0.2999,60,1974-05-16,FEMALE,SK,RENTER,90000,90000,2.83,4.0,11.0,92.0,0.0,0.0,103.0,9.3921,0.3131,53.4,617.7,0.7648666666666666
14127,2023-09-28,Active,,9700.0,10015.58,6158.98,0.2599,60,1992-12-25,MALE,AB,RENTER,50000,39500,0.0,2.0,2.0,2.0,0.0,0.0,4.0,0.381,0.0127,50.0,653.7,0.38502833333333336
14214,2023-09-15,Active,,16000.0,23716.17,14401.78,0.2699,60,1975-07-23,MALE,ON,RENTER,69888,69900,2.83,5.0,11.0,86.0,3.0,1.0,101.0,9.2378,0.3079,50.5,679.9,0.9659690865093769
14241,2023-09-12,Active,,9500.0,11594.29,6577.96,0.2999,60,1979-04-09,MALE,ON,RENTER,75000,75000,3.83,3.0,11.0,86.0,2.0,0.0,99.0,8.9728,0.2991,40.333333333333336,697.0,0.13025738124575653
14251,2023-09-14,Active,,3224.55,4919.69,2814.19,0.2999,60,1985-12-26,MALE,ON,RENTER,130000,130000,5.0,2.0,0.0,7.0,1.0,1.0,9.0,0.8207,0.0274,41.0,625.5,0.3437724137931034
14256,2023-09-27,Active,,20500.0,31617.0,18550.43,0.2799,60,1986-04-12,MALE,ON,RENTER,82806,73600,2.67,3.0,7.0,7.0,0.0,0.0,14.0,1.3291,0.0443,38.42857142857143,669.0,0.7784791671540531
14316,2023-09-26,Written off,2024-03-09 22:40:29.257,9200.0,16404.4,8871.52,0.2999,60,2002-04-21,MALE,MB,RENTER,68615,68600,4.0,5.0,3.0,21.0,1.0,1.0,26.0,2.4606,0.082,53.5,585.0,1.3629333333333333
14327,2023-10-11,Active,,12200.0,19484.1,11159.68,0.2999,60,1984-01-23,FEMALE,ON,RENTER,60000,63300,3.17,2.0,,,,,,,,58.0,670.375,0.239625
14380,2023-09-25,Active,,20000.0,1954.79,1127.94,0.2899,60,1976-07-12,FEMALE,AB,RENTER,101000,101000,4.17,4.0,3.0,2.0,0.0,0.0,5.0,0.4717,0.0157,45.0,616.4,0.8655632943413835
14421,2023-10-03,Active,,11000.0,17479.05,10083.95,0.2899,60,1997-06-12,MALE,BC,RENTER,157250,157250,,,,,,,,,,,598.2222222222222,0.8024616142753397
14427,2023-09-28,Active,,20000.0,32136.79,18232.57,0.2999,60,1988-01-14,MALE,ON,RENTER,56687,41600,4.83,0.0,11.0,86.0,1.0,2.0,100.0,9.5238,0.3175,43.5,612.3,0.7211428571428572
14496,2023-10-06,Active,,20000.0,33846.15,19014.23,0.2999,55,1983-02-20,MALE,NB,RENTER,85000,78000,3.0,4.0,10.0,76.0,0.0,0.0,86.0,8.4039,0.2801,41.8,610.1111111111111,0.6190517600278606
14497,2023-10-13,Written off,2024-03-09 22:44:02.077,10320.0,18351.01,9927.16,0.2999,60,1996-05-11,FEMALE,NS,RENTER,89440,83000,4.67,3.0,2.0,17.0,3.0,2.0,24.0,2.4,0.08,32.0,598.0,0.9312000000000001
14506,2023-10-04,Active,,20200.0,31662.98,18487.27,0.2799,60,1975-03-21,MALE,MB,HOME OWNER,85000,79600,4.5,5.0,0.0,1.0,1.0,1.0,3.0,0.2913,0.0097,,640.1111111111111,0.2206594982078853
14654,2023-10-23,Active,,18400.0,25176.33,16224.72,0.2999,48,1991-03-09,MALE,ON,LIVE WITH FAMILY,56082,51000,1.0,2.0,9.0,78.0,6.0,5.0,98.0,10.1379,0.3379,46.6,614.1,0.5865320728291317
14670,2023-10-18,Active,,20000.0,29521.28,18210.78,0.2499,60,1976-11-22,MALE,ON,RENTER,85000,85000,3.33,5.0,9.0,78.0,11.0,2.0,100.0,10.1695,0.339,51.8,636.1,0.8620130708543373
14733,2023-10-23,Active,,14000.0,20336.42,12668.79,0.2499,60,1967-03-17,MALE,ON,RENTER,72000,71000,4.17,1.0,0.0,1.0,0.0,0.0,1.0,0.1034,0.0034,43.0,574.6,0.7216633208047826
14747,2023-10-30,Active,,21200.0,31103.34,19299.66,0.2499,60,1967-08-19,MALE,ON,RENTER,89905,89000,,,,,,,,,,,666.875,0.9853623595505618
14757,2023-10-30,Active,2024-07-25 01:02:53.067,9800.0,3302.46,2035.05,0.2499,60,1993-01-11,FEMALE,BC,RENTER,51000,50800,4.0,3.0,6.0,37.0,5.0,2.0,50.0,5.3004,0.1767,46.666666666666664,634.375,0.3862638888888889
14800,2023-11-01,Active,,9500.0,14114.17,8723.34,0.2499,60,1975-12-21,MALE,MB,RENTER,49240,34900,3.67,3.0,9.0,68.0,22.0,9.0,108.0,11.5302,0.3843,44.77777777777778,788.0,0.15930557440466753
14818,2023-11-06,Active,,20000.0,29615.3,18303.09,0.2499,60,1975-10-02,MALE,NS,HOME OWNER,80000,142200,4.33,2.0,8.0,26.0,6.0,3.0,43.0,4.6739,0.1558,58.25,596.3333333333334,0.9566969354251873
14841,2023-11-02,Active,,9100.0,11870.74,8153.65,0.2499,40,2002-04-20,FEMALE,NB,RENTER,64000,61000,3.83,2.0,9.0,69.0,4.0,4.0,86.0,9.2143,0.3071,36.888888888888886,549.25,0.9379428571428572
14847,2023-11-03,Active,,24300.0,36056.08,22283.67,0.2499,60,1990-02-14,FEMALE,ON,RENTER,72000,72000,4.33,3.0,9.0,69.0,56.0,15.0,149.0,16.0215,0.5341,53.666666666666664,621.125,0.9499219605695509
14897,2023-11-13,Active,,20000.0,31216.77,18323.39,0.2799,60,1978-01-14,FEMALE,ON,RENTER,86000,89000,2.83,4.0,9.0,63.0,11.0,6.0,89.0,9.9257,0.3309,49.2,526.5555555555555,0.0
14910,2023-11-20,Active,,20000.0,33118.84,18571.25,0.2999,60,1977-06-26,FEMALE,ON,RENTER,86200,95000,3.5,4.0,9.0,69.0,4.0,0.0,82.0,9.3893,0.313,45.1,642.4444444444445,0.686778677861009
14913,2023-11-20,Active,,17720.0,29308.28,16557.39,0.2999,60,1984-03-06,FEMALE,SK,HOME OWNER,65900,65900,4.0,3.0,9.0,64.0,4.0,2.0,79.0,9.0458,0.3015,50.9,639.4444444444445,0.7675224926213983
14943,2023-11-24,Active,,13900.0,20799.76,12804.02,0.2499,60,1976-04-12,MALE,ON,RENTER,48500,44000,4.67,3.0,1.0,1.0,0.0,0.0,2.0,0.2326,0.0078,72.0,588.7777777777778,0.693038044895759
15105,2023-11-24,Active,,15500.0,23669.69,14318.48,0.2599,60,1999-03-21,MALE,ON,LIVE WITH FAMILY,60000,53800,4.5,2.0,2.0,1.0,0.0,0.0,3.0,0.3488,0.0116,53.0,623.6666666666666,0.5411703703703704
15113,2023-11-27,Active,,6100.0,6927.77,5056.42,0.2899,36,1986-07-07,MALE,BC,LIVE WITH FAMILY,64000,63000,4.33,4.0,9.0,63.0,3.0,1.0,76.0,8.9412,0.298,55.2,636.6666666666666,0.9253114250299801
15138,2023-11-27,Active,,12725.0,20585.78,11629.68,0.2999,60,1969-10-07,MALE,ON,RENTER,58240,58300,4.5,5.0,7.0,1.0,0.0,0.0,8.0,0.9449,0.0315,74.125,631.4444444444445,0.3860688832772166
15143,2023-11-30,Active,,11000.0,17602.96,10137.51,0.2799,60,1983-03-25,FEMALE,ON,RENTER,72308,72300,4.0,3.0,9.0,52.0,2.0,0.0,63.0,7.5,0.25,44.125,725.0,0.43994996806472214
15300,2023-12-15,Active,,22700.0,37392.25,21294.02,0.2899,60,1986-06-20,FEMALE,BC,LIVE WITH FAMILY,122000,96000,3.33,5.0,2.0,2.0,2.0,1.0,7.0,0.8861,0.0295,52.5,637.75,0.5624487557442002
15341,2023-12-18,Active,,20000.0,32521.87,18602.67,0.2899,60,1972-02-15,FEMALE,ON,RENTER,62230,62300,,,,,,,,,,,667.625,0.9326756756756757
15353,2023-12-11,Active,,18150.0,30120.87,16938.81,0.2999,60,1987-09-07,MALE,ON,RENTER,80000,80000,3.17,4.0,8.0,52.0,3.0,2.0,65.0,8.0913,0.2697,40.55555555555556,643.375,0.7064300562484715
15360,2024-03-08,Active,,21900.0,35179.56,20685.58,0.2599,60,1993-05-12,MALE,ON,RENTER,54000,49000,3.5,4.0,5.0,37.0,8.0,3.0,53.0,10.3922,0.3464,54.8,641.6,0.5673
15439,2023-12-20,Active,,13000.0,21550.2,12175.06,0.2899,60,1983-05-14,FEMALE,ON,RENTER,60000,60000,3.33,3.0,7.0,58.0,2.0,0.0,67.0,8.6638,0.2888,28.875,667.375,0.8686985094850949
15477,2023-12-21,Active,,13500.0,21402.07,12618.04,0.2699,60,2000-01-17,MALE,ON,RENTER,70000,69001,4.33,4.0,8.0,39.0,6.0,5.0,58.0,7.5325,0.2511,43.666666666666664,656.125,0.27721956521739133
15515,2023-12-28,Active,,14000.0,23313.99,13051.74,0.2999,60,1987-09-21,MALE,ON,RENTER,70000,72000,5.0,1.0,0.0,7.0,0.0,0.0,7.0,0.9375,0.0313,,624.375,0.6853409090909091
15527,2023-12-22,Active,,6700.0,10736.42,6220.88,0.2799,60,1981-05-20,FEMALE,BC,RENTER,90963,93000,3.83,3.0,8.0,18.0,5.0,2.0,33.0,4.3043,0.1435,38.142857142857146,663.375,0.7547959234775641
15531,2023-12-28,Active,,19600.0,34150.14,18945.46,0.2999,55,1981-09-24,MALE,ON,RENTER,126125,117450,4.5,3.0,6.0,30.0,0.0,0.0,36.0,4.8214,0.1607,47.42857142857143,583.5,0.9736801675977653
15536,2023-12-22,Repaid,2024-01-27 16:49:29.573,13000.0,0.0,0.0,0.2999,60,1991-11-07,MALE,BC,RENTER,57000,55000,5.0,4.0,2.0,16.0,0.0,0.0,18.0,2.3478,0.0783,46.5,590.5,0.759056603773585
15565,2023-12-28,Past due,,6550.0,11555.34,6296.29,0.2999,60,1989-08-26,MALE,ON,RENTER,32570,32000,3.83,4.0,1.0,10.0,0.0,0.0,11.0,1.4732,0.0491,29.0,567.5,0.90125
15574,2024-01-03,Active,,19300.0,33060.63,18213.71,0.2999,60,1984-03-16,MALE,AB,RENTER,90000,90000,4.0,3.0,3.0,9.0,0.0,0.0,12.0,1.6514,0.055,60.333333333333336,634.6666666666666,0.4563100423472474
15583,2023-12-20,Active,,9800.0,16008.3,9203.48,0.2799,60,1993-01-25,MALE,AB,RENTER,56000,56000,4.5,5.0,8.0,60.0,0.0,0.0,68.0,8.7931,0.2931,76.77777777777777,654.0,0.7078163297839462
15592,2023-12-21,Active,,11260.0,19147.27,10548.47,0.2999,60,1994-08-22,MALE,ON,RENTER,53664,53700,4.5,3.0,6.0,55.0,1.0,0.0,62.0,8.0519,0.2684,57.666666666666664,535.75,0.7179807692307693
15641,2024-01-11,Active,,6500.0,10396.37,6104.0,0.2699,60,1967-09-08,MALE,NFLD,LIVE WITH FAMILY,35000,35000,4.67,3.0,7.0,53.0,13.0,3.0,76.0,10.8571,0.3619,59.42857142857143,691.0,0.17784934594816948
15734,2024-01-11,Active,,20000.0,33333.31,18576.07,0.2999,60,1988-09-09,FEMALE,ON,RENTER,82500,80500,3.5,4.0,7.0,51.0,1.0,3.0,62.0,8.8571,0.2952,46.25,672.8333333333334,0.7236083333333333
15744,2024-01-10,Active,,5640.0,9153.03,5257.79,0.2799,60,1991-03-18,FEMALE,NB,RENTER,55500,45000,3.5,4.0,7.0,53.0,2.0,3.0,65.0,9.2417,0.3081,50.0,673.3333333333334,0.82025
15806,2024-01-18,Active,,13000.0,21367.17,12274.59,0.2799,60,2001-11-09,FEMALE,NS,LIVE WITH FAMILY,33000,41900,4.17,3.0,7.0,53.0,0.0,0.0,60.0,8.867,0.2956,56.5,649.5,0.5370868686868687
15837,2024-01-18,Active,,7000.0,9974.58,5630.47,0.2899,60,1993-07-31,FEMALE,ON,RENTER,36678,36700,4.33,3.0,7.0,54.0,50.0,12.0,123.0,18.1773,0.6059,59.5,675.8333333333334,0.24480676328502415
15880,2024-01-16,Active,,20000.0,34199.05,18972.61,0.2999,60,1981-10-25,MALE,ON,RENTER,95500,92800,2.67,3.0,7.0,53.0,13.0,4.0,77.0,11.2683,0.3756,49.875,676.5,0.5153866987179487
15935,2024-03-18,Active,,12600.0,22227.78,12111.88,0.2999,60,1984-03-15,MALE,ON,LIVE WITH FAMILY,49000,49000,2.83,3.0,5.0,37.0,1.0,0.0,43.0,9.021,0.3007,42.8,643.0,0.7954871794871795
15951,2024-02-12,Active,,12900.0,21134.18,12254.12,0.2699,60,1982-08-03,FEMALE,AB,RENTER,90200,90200,3.5,4.0,6.0,44.0,0.0,0.0,50.0,8.427,0.2809,47.833333333333336,620.3333333333334,0.8104376185343928
15955,2024-01-23,Active,,10670.0,18435.33,10181.25,0.2999,60,1999-12-28,MALE,ON,LIVE WITH FAMILY,63000,63000,3.17,3.0,7.0,49.0,25.0,9.0,90.0,13.6364,0.4545,37.125,569.3333333333334,1.1956528301886793
15975,2024-01-19,Repaid,2024-07-11 08:52:49.263,5000.0,0.0,0.0,0.2599,36,1993-07-31,MALE,BC,RENTER,45000,45800,3.67,5.0,6.0,55.0,20.0,4.0,85.0,12.6238,0.4208,75.85714285714286,637.5,0.545694890077243
15989,2024-01-19,Active,,16500.0,28167.92,15626.9,0.2999,60,1994-10-16,MALE,ON,RENTER,45760,45000,4.17,3.0,7.0,45.0,0.0,1.0,53.0,7.8713,0.2624,48.0,559.1666666666666,0.6195
15992,2024-01-25,Active,,16500.0,26359.8,15625.45,0.2599,60,1988-01-02,FEMALE,SK,LIVE WITH FAMILY,72431,62200,4.5,5.0,7.0,46.0,8.0,9.0,70.0,10.7143,0.3571,47.285714285714285,642.5,0.5680713489409142
15998,2024-02-02,Active,,12100.0,19594.67,11408.94,0.2699,60,1990-06-05,MALE,ON,RENTER,131000,110900,,,,,,,,,,,571.0,0.7756911764705883
16138,2024-02-12,Active,,10500.0,17036.31,9878.35,0.2699,60,1992-12-21,FEMALE,AB,RENTER,50000,45000,4.0,2.0,6.0,44.0,4.0,2.0,56.0,9.4382,0.3146,51.833333333333336,696.3333333333334,0.29761229314420806
16248,2024-02-27,Active,,11700.0,18671.9,11182.28,0.2499,60,1982-06-18,MALE,ON,RENTER,85085,86400,3.17,4.0,6.0,44.0,0.0,0.0,50.0,9.2025,0.3067,57.142857142857146,649.8333333333334,0.7299589743589744
16277,2024-02-27,Active,,10800.0,17235.92,10322.12,0.2499,60,1991-04-12,MALE,ON,RENTER,115000,110000,4.5,4.0,5.0,31.0,0.0,0.0,36.0,6.6258,0.2209,49.333333333333336,633.6666666666666,0.5128168765634059
16350,2024-03-04,Active,,25000.0,39735.66,23796.52,0.2499,60,1980-08-28,FEMALE,AB,HOME OWNER,37000,43000,4.17,5.0,5.0,29.0,0.0,0.0,34.0,6.4968,0.2166,43.4,719.25,0.9628483702355138
16377,2024-02-29,Active,,20000.0,31658.89,18959.39,0.2499,60,1985-02-25,FEMALE,AB,RENTER,80500,80500,3.67,3.0,6.0,44.0,1.0,3.0,54.0,10.0621,0.3354,48.333333333333336,651.5,0.48360748431359973
16436,2024-03-07,Active,,15600.0,26217.12,14868.01,0.2799,60,1998-10-28,MALE,BC,LIVE WITH FAMILY,229000,229000,3.33,4.0,0.0,1.0,0.0,0.0,1.0,0.1948,0.0065,,668.8,0.48657223404255323
16499,2024-03-08,Active,,8200.0,9435.06,6801.07,0.2699,36,1990-01-23,FEMALE,BC,RENTER,52000,52000,3.17,3.0,3.0,4.0,0.0,0.0,7.0,1.3725,0.0458,70.75,667.4,0.6099538461538462
16562,2024-03-15,Active,,8000.0,10399.47,7298.51,0.2899,36,1997-11-12,FEMALE,ON,RENTER,56000,55000,3.0,2.0,5.0,37.0,14.0,5.0,61.0,12.5342,0.4178,30.833333333333332,630.6,0.7286967741935484
16613,2024-03-22,Active,,20000.0,35669.4,19348.93,0.2999,60,1978-03-27,MALE,ON,RENTER,96253,96300,4.0,2.0,5.0,11.0,0.0,0.0,16.0,3.4532,0.1151,49.75,637.2,0.7117545083253001
16644,2024-03-25,Active,,7850.0,13323.18,7523.62,0.2799,60,1999-09-07,MALE,AB,RENTER,45000,43000,,,,,,,,,,,625.0,0.5643241117216118
16669,2024-03-28,Active,,20000.0,35003.6,19330.33,0.2899,60,1985-04-17,MALE,AB,RENTER,115000,115000,,,,,,,,,,,609.4,0.9237879518072288
16678,2024-04-29,Active,,10900.0,17916.82,10564.13,0.2499,60,1968-06-27,FEMALE,ON,RENTER,117000,117000,,,,,,,,,,,677.0,0.28878306878306875
16871,2024-04-16,Active,,5300.0,7405.6,5003.24,0.2999,36,1991-02-23,FEMALE,BC,RENTER,90000,85000,4.5,3.0,3.0,30.0,0.0,0.0,33.0,8.6842,0.2895,42.0,570.25,0.41269597457627116
16892,2024-04-18,Active,,8000.0,10718.55,7449.68,0.2899,36,2000-05-14,MALE,BC,RENTER,75000,55000,3.83,3.0,4.0,30.0,10.0,4.0,48.0,12.8571,0.4286,44.2,715.25,0.286025
16933,2024-04-29,Active,,15800.0,27001.05,15335.48,0.2699,60,1991-08-17,MALE,ON,RENTER,62400,62400,,,,,,,,,,,644.75,0.5809523809523809
16937,2024-04-29,Active,,20000.0,35998.82,19622.63,0.2899,60,1979-12-14,MALE,ON,LIVE WITH FAMILY,54000,48000,3.17,2.0,4.0,31.0,16.0,2.0,53.0,15.7426,0.5248,53.6,688.5,0.4491121323529412
16961,2024-04-29,Active,,11850.0,21428.57,11603.04,0.2899,60,1997-11-13,MALE,ON,RENTER,110000,65000,5.0,2.0,3.0,1.0,0.0,0.0,4.0,1.2,0.04,43.25,610.25,0.9019348659003832
17016,2024-04-29,Active,,13300.0,21845.27,12880.43,0.2499,60,1986-08-20,FEMALE,AB,LIVE WITH FAMILY,103000,95000,4.67,1.0,4.0,16.0,2.0,2.0,24.0,7.1287,0.2376,28.0,721.0,0.830665458937198
17026,2024-04-30,Active,,19200.0,34530.74,18822.89,0.2899,60,1981-09-27,MALE,ON,RENTER,87765,87800,1.83,3.0,4.0,24.0,24.0,12.0,64.0,19.2,0.64,50.25,651.5,0.6412399817850638
17048,2024-05-10,Active,,21000.0,35310.1,20659.01,0.2499,60,1989-08-11,FEMALE,BC,RENTER,111840,111000,4.17,4.0,2.0,15.0,0.0,0.0,17.0,5.6667,0.1889,50.0,439.0,2.4378
17128,2024-05-08,Active,,17000.0,29904.69,16495.4,0.2799,60,1976-01-25,FEMALE,BC,RENTER,105000,105000,4.17,5.0,3.0,23.0,3.0,1.0,30.0,9.7826,0.3261,52.0,635.3333333333334,0.9513943600488912
17193,2024-05-10,Active,,20500.0,36088.18,20036.91,0.2799,60,1995-04-23,MALE,ON,RENTER,52000,52000,3.83,4.0,0.0,1.0,0.0,0.0,1.0,0.3333,0.0111,55.0,617.3333333333334,0.3988888888888889
17343,2024-05-27,Active,,15550.0,27556.32,15351.46,0.2699,60,1998-05-15,MALE,AB,LIVE WITH FAMILY,52000,52000,4.5,4.0,2.0,22.0,0.0,1.0,25.0,10.274,0.3425,44.666666666666664,709.3333333333334,0.45858663558663554
17370,2024-05-28,Written off,2024-07-24 14:48:02.447,19980.0,35727.91,19872.06,0.2699,60,1999-01-26,FEMALE,AB,HOME OWNER,48000,48000,5.0,2.0,0.0,1.0,0.0,0.0,1.0,0.4286,0.0143,29.0,617.0,0.5838383838383838
17388,2024-05-29,Active,,15900.0,29819.18,15700.7,0.2999,60,1977-07-17,FEMALE,MB,RENTER,120000,92100,3.33,4.0,3.0,10.0,0.0,0.0,13.0,5.5714,0.1857,62.5,585.5,0.9397489648033126
17525,2024-06-07,Active,,4745.0,6438.92,4554.99,0.2599,36,1993-05-25,MALE,BC,RENTER,80000,74800,,,,,,,,,,,680.5,0.9946153846153847
17684,2024-07-02,Active,,20000.0,37860.24,19909.6,0.2999,60,1995-05-04,FEMALE,ON,RENTER,42848,42800,4.33,2.0,1.0,8.0,0.0,0.0,9.0,7.2973,0.2432,,,
17705,2024-06-28,Active,,10400.0,17684.23,10266.96,0.2499,60,1980-01-04,FEMALE,ON,RENTER,52000,52000,3.67,2.0,1.0,0.0,0.0,0.0,1.0,0.7317,0.0244,,732.0,0.3485664335664336
17737,2024-06-28,Active,,14400.0,27475.16,14329.94,0.2999,60,1997-05-14,FEMALE,AB,RENTER,46000,44880,3.5,3.0,0.0,1.0,0.0,0.0,1.0,0.7317,0.0244,,613.0,0.9556
17745,2024-06-28,Active,,9681.5,18189.53,9461.15,0.2999,60,2000-03-26,FEMALE,BC,RENTER,62000,62100,,,,,,,,,,,602.0,0.8905
17776,2024-07-09,Past due,,5013.0,9348.49,4979.42,0.2899,60,1986-08-18,MALE,NS,LIVE WITH FAMILY,39900,35000,,,,,,,,,,,635.0,0.97
17797,2024-07-11,Active,,25000.0,45848.5,24927.32,0.2799,60,1998-05-28,MALE,NFLD,HOME OWNER,120000,120000,,,,,,,,,,,646.0,0.7077358490566038
17926,2024-07-15,Active,,20000.0,36891.99,19680.82,0.2899,60,2001-12-13,MALE,ON,LIVE WITH FAMILY,70000,70000,5.0,1.0,1.0,8.0,0.0,0.0,9.0,11.25,0.375,,624.0,0.338109756097561
18048,2024-07-22,Active,,11000.0,20377.99,11000.0,0.2799,60,1975-10-15,FEMALE,ON,RENTER,72000,72000,3.17,4.0,1.0,8.0,2.0,2.0,13.0,22.9412,0.7647,,645.0,1.0026363636363635
18063,2024-07-29,Active,,8800.0,16922.25,8800.0,0.2999,60,1994-08-02,MALE,BC,RENTER,62000,62000,3.83,3.0,1.0,1.0,0.0,0.0,2.0,6.0,0.2,,598.0,0.494869109947644
